{"cameraMode":{"drawMode":0,"name":"Shaded","section":"Shading Mode"},"sceneLighting":true,"audioPlay":false,"sceneViewState":{"showFog":true,"showMaterialUpdate":false,"showSkybox":true,"showFlares":true,"showImageEffects":true,"showParticleSystems":true},"in2DMode":false,"pivot":{"x":-0.1177336573600769,"y":-4.718864440917969,"z":4.9349446296691898},"rotation":{"x":0.293161541223526,"y":-0.04673459753394127,"z":0.014349255710840226,"w":0.954812228679657},"size":11.910944938659668,"orthographic":false}