{"cameraMode":{"drawMode":0,"name":"Shaded","section":"Shading Mode"},"sceneLighting":true,"audioPlay":false,"sceneViewState":{"showFog":true,"showMaterialUpdate":false,"showSkybox":true,"showFlares":true,"showImageEffects":true,"showParticleSystems":true},"in2DMode":false,"pivot":{"x":-1.173116683959961,"y":-1.1380243301391602,"z":-1.6818857192993165},"rotation":{"x":0.19107230007648469,"y":0.8063149452209473,"z":-0.358047753572464,"w":0.43028998374938967},"size":19.515764236450197,"orthographic":false}