{"cameraMode":{"drawMode":0,"name":"Shaded","section":"Shading Mode"},"sceneLighting":true,"audioPlay":false,"sceneViewState":{"showFog":true,"showMaterialUpdate":false,"showSkybox":true,"showFlares":true,"showImageEffects":true,"showParticleSystems":true},"in2DMode":false,"pivot":{"x":-0.9430184364318848,"y":-3.580092430114746,"z":1.5034260749816895},"rotation":{"x":-0.5496652722358704,"y":0.25872212648391726,"z":-0.1840447336435318,"w":-0.7726956605911255},"size":17.091064453125,"orthographic":true}