{"cameraMode":{"drawMode":0,"name":"Shaded","section":"Shading Mode"},"sceneLighting":true,"audioPlay":false,"sceneViewState":{"showFog":true,"showMaterialUpdate":false,"showSkybox":true,"showFlares":true,"showImageEffects":true,"showParticleSystems":true},"in2DMode":false,"pivot":{"x":-0.9430184364318848,"y":-3.580092430114746,"z":1.5034260749816895},"rotation":{"x":-0.4442485570907593,"y":0.3069707155227661,"z":-0.16523981094360352,"w":-0.825292706489563},"size":13.011784553527832,"orthographic":true}