{"cameraMode":{"drawMode":0,"name":"Shaded","section":"Shading Mode"},"sceneLighting":true,"audioPlay":false,"sceneViewState":{"showFog":true,"showMaterialUpdate":false,"showSkybox":true,"showFlares":true,"showImageEffects":true,"showParticleSystems":true},"in2DMode":false,"pivot":{"x":-1.0314815044403077,"y":5.055741786956787,"z":2.234429359436035},"rotation":{"x":-0.2517048418521881,"y":-0.24301134049892426,"z":-0.06545363366603852,"w":0.9345085024833679},"size":10.113191604614258,"orthographic":false}